               epoch,      train/box_loss,      train/obj_loss,      train/cls_loss,   metrics/precision,      metrics/recall,     metrics/mAP_0.5,metrics/mAP_0.5:0.95,        val/box_loss,        val/obj_loss,        val/cls_loss,               x/lr0,               x/lr1,               x/lr2
                   0,             0.12176,            0.035694,            0.029973,           0.0013449,             0.18646,          0.00081633,          0.00021076,             0.11229,            0.025566,            0.028122,            0.070004,           0.0033329,           0.0033329
                   1,             0.12002,            0.036172,            0.029723,           0.0013012,             0.18105,           0.0007827,          0.00019463,             0.11063,            0.026132,             0.02789,            0.036704,           0.0033664,           0.0033664
